date,open,high,low,close,volume,average,barCount
2023-08-10 17:15:00-04:00,1.09825,1.09845,1.0979,1.0984,-1.0,-1.0,-1
2023-08-10 18:00:00-04:00,1.0984,1.09845,1.0981,1.0983,-1.0,-1.0,-1
2023-08-10 19:00:00-04:00,1.0983,1.0985,1.09815,1.0982,-1.0,-1.0,-1
2023-08-10 20:00:00-04:00,1.0982,1.0989,1.098,1.0988,-1.0,-1.0,-1
2023-08-10 21:00:00-04:00,1.0988,1.0998,1.0987,1.09945,-1.0,-1.0,-1
2023-08-10 22:00:00-04:00,1.09945,1.09945,1.0986,1.0989,-1.0,-1.0,-1
2023-08-10 23:00:00-04:00,1.0989,1.0992,1.0986,1.0987,-1.0,-1.0,-1
2023-08-11 00:00:00-04:00,1.0987,1.09905,1.0984,1.09855,-1.0,-1.0,-1
2023-08-11 01:00:00-04:00,1.09855,1.0994,1.0984,1.09935,-1.0,-1.0,-1
2023-08-11 02:00:00-04:00,1.09935,1.10025,1.099,1.0991,-1.0,-1.0,-1
2023-08-11 03:00:00-04:00,1.0991,1.0999,1.09875,1.09925,-1.0,-1.0,-1
2023-08-11 04:00:00-04:00,1.09925,1.1003,1.099,1.09995,-1.0,-1.0,-1
2023-08-11 05:00:00-04:00,1.09995,1.10005,1.09765,1.09775,-1.0,-1.0,-1
2023-08-11 06:00:00-04:00,1.09775,1.0996,1.09765,1.0993,-1.0,-1.0,-1
2023-08-11 07:00:00-04:00,1.0993,1.10025,1.099,1.09975,-1.0,-1.0,-1
2023-08-11 08:00:00-04:00,1.09975,1.1005,1.0966,1.09685,-1.0,-1.0,-1
2023-08-11 09:00:00-04:00,1.09685,1.09815,1.0955,1.0963,-1.0,-1.0,-1
2023-08-11 10:00:00-04:00,1.0963,1.0984,1.0958,1.09725,-1.0,-1.0,-1
2023-08-11 11:00:00-04:00,1.09725,1.09755,1.0951,1.0956,-1.0,-1.0,-1
2023-08-11 12:00:00-04:00,1.0956,1.0965,1.0946,1.09465,-1.0,-1.0,-1
2023-08-11 13:00:00-04:00,1.09465,1.09555,1.0943,1.0945,-1.0,-1.0,-1
2023-08-11 14:00:00-04:00,1.0945,1.09515,1.09435,1.0951,-1.0,-1.0,-1
2023-08-11 15:00:00-04:00,1.0951,1.0951,1.09435,1.0947,-1.0,-1.0,-1
2023-08-11 16:00:00-04:00,1.0947,1.09495,1.09445,1.09475,-1.0,-1.0,-1
2023-08-13 17:15:00-04:00,1.0954,1.0955,1.09485,1.0949,-1.0,-1.0,-1
2023-08-13 18:00:00-04:00,1.0949,1.09505,1.09405,1.09425,-1.0,-1.0,-1
2023-08-13 19:00:00-04:00,1.09425,1.0945,1.0941,1.09435,-1.0,-1.0,-1
2023-08-13 20:00:00-04:00,1.09435,1.0947,1.0936,1.09375,-1.0,-1.0,-1
2023-08-13 21:00:00-04:00,1.09375,1.0941,1.0931,1.0936,-1.0,-1.0,-1
2023-08-13 22:00:00-04:00,1.0936,1.0938,1.09305,1.09305,-1.0,-1.0,-1
2023-08-13 23:00:00-04:00,1.09305,1.0934,1.09295,1.0932,-1.0,-1.0,-1
2023-08-14 00:00:00-04:00,1.0932,1.0936,1.0932,1.09355,-1.0,-1.0,-1
2023-08-14 01:00:00-04:00,1.09355,1.09405,1.09325,1.09375,-1.0,-1.0,-1
2023-08-14 02:00:00-04:00,1.09375,1.0938,1.09265,1.0932,-1.0,-1.0,-1
2023-08-14 03:00:00-04:00,1.0932,1.09565,1.09295,1.0952,-1.0,-1.0,-1
2023-08-14 04:00:00-04:00,1.0952,1.096,1.09455,1.09465,-1.0,-1.0,-1
2023-08-14 05:00:00-04:00,1.09465,1.0952,1.0942,1.09495,-1.0,-1.0,-1
2023-08-14 06:00:00-04:00,1.09495,1.09535,1.0945,1.0945,-1.0,-1.0,-1
2023-08-14 07:00:00-04:00,1.0945,1.0946,1.09365,1.0939,-1.0,-1.0,-1
2023-08-14 08:00:00-04:00,1.0939,1.0941,1.0902,1.0906,-1.0,-1.0,-1
2023-08-14 09:00:00-04:00,1.0906,1.09075,1.0875,1.08815,-1.0,-1.0,-1
2023-08-14 10:00:00-04:00,1.08815,1.09095,1.088,1.09035,-1.0,-1.0,-1
2023-08-14 11:00:00-04:00,1.09035,1.09255,1.09025,1.0921,-1.0,-1.0,-1
2023-08-14 12:00:00-04:00,1.0921,1.0936,1.092,1.09285,-1.0,-1.0,-1
2023-08-14 13:00:00-04:00,1.09285,1.09315,1.0915,1.09175,-1.0,-1.0,-1
2023-08-14 14:00:00-04:00,1.09175,1.092,1.0904,1.09045,-1.0,-1.0,-1
2023-08-14 15:00:00-04:00,1.09045,1.0913,1.0903,1.0903,-1.0,-1.0,-1
2023-08-14 16:00:00-04:00,1.0903,1.09075,1.0903,1.09055,-1.0,-1.0,-1
2023-08-14 17:15:00-04:00,1.091,1.09115,1.09045,1.09055,-1.0,-1.0,-1
2023-08-14 18:00:00-04:00,1.09055,1.09085,1.0905,1.09075,-1.0,-1.0,-1
2023-08-14 19:00:00-04:00,1.09075,1.0908,1.09045,1.0908,-1.0,-1.0,-1
2023-08-14 20:00:00-04:00,1.0908,1.09095,1.09015,1.09075,-1.0,-1.0,-1
2023-08-14 21:00:00-04:00,1.09075,1.09155,1.09005,1.091,-1.0,-1.0,-1
2023-08-14 22:00:00-04:00,1.091,1.09175,1.09075,1.09095,-1.0,-1.0,-1
2023-08-14 23:00:00-04:00,1.09095,1.09175,1.09095,1.09145,-1.0,-1.0,-1
2023-08-15 00:00:00-04:00,1.09145,1.09145,1.091,1.091,-1.0,-1.0,-1
2023-08-15 01:00:00-04:00,1.091,1.09145,1.09065,1.0912,-1.0,-1.0,-1
2023-08-15 02:00:00-04:00,1.0912,1.09265,1.091,1.09235,-1.0,-1.0,-1
2023-08-15 03:00:00-04:00,1.09235,1.09305,1.09155,1.09235,-1.0,-1.0,-1
2023-08-15 04:00:00-04:00,1.09235,1.09345,1.0918,1.0928,-1.0,-1.0,-1
2023-08-15 05:00:00-04:00,1.0928,1.0945,1.09215,1.09405,-1.0,-1.0,-1
2023-08-15 06:00:00-04:00,1.09405,1.0943,1.0933,1.0935,-1.0,-1.0,-1
2023-08-15 07:00:00-04:00,1.0935,1.0936,1.0927,1.0929,-1.0,-1.0,-1
2023-08-15 08:00:00-04:00,1.0929,1.09325,1.0897,1.0922,-1.0,-1.0,-1
2023-08-15 09:00:00-04:00,1.0922,1.09525,1.0917,1.094,-1.0,-1.0,-1
2023-08-15 10:00:00-04:00,1.094,1.09475,1.0924,1.0941,-1.0,-1.0,-1
2023-08-15 11:00:00-04:00,1.0941,1.09445,1.09235,1.0927,-1.0,-1.0,-1
2023-08-15 12:00:00-04:00,1.0927,1.09285,1.0915,1.09175,-1.0,-1.0,-1
2023-08-15 13:00:00-04:00,1.09175,1.0921,1.0916,1.09175,-1.0,-1.0,-1
2023-08-15 14:00:00-04:00,1.09175,1.09195,1.09035,1.09045,-1.0,-1.0,-1
2023-08-15 15:00:00-04:00,1.09045,1.09065,1.0899,1.0906,-1.0,-1.0,-1
2023-08-15 16:00:00-04:00,1.0906,1.0906,1.09025,1.0906,-1.0,-1.0,-1
2023-08-15 17:15:00-04:00,1.09035,1.09085,1.0903,1.09045,-1.0,-1.0,-1
2023-08-15 18:00:00-04:00,1.09045,1.09065,1.09025,1.0903,-1.0,-1.0,-1
2023-08-15 19:00:00-04:00,1.0903,1.0905,1.0902,1.0904,-1.0,-1.0,-1
2023-08-15 20:00:00-04:00,1.0904,1.09055,1.0899,1.0903,-1.0,-1.0,-1
2023-08-15 21:00:00-04:00,1.0903,1.0912,1.0899,1.0906,-1.0,-1.0,-1
2023-08-15 22:00:00-04:00,1.0906,1.0911,1.09045,1.09045,-1.0,-1.0,-1
2023-08-15 23:00:00-04:00,1.09045,1.09105,1.0904,1.09065,-1.0,-1.0,-1
2023-08-16 00:00:00-04:00,1.09065,1.09135,1.0906,1.09135,-1.0,-1.0,-1
2023-08-16 01:00:00-04:00,1.09135,1.0918,1.09115,1.0916,-1.0,-1.0,-1
2023-08-16 02:00:00-04:00,1.0916,1.0927,1.09105,1.09195,-1.0,-1.0,-1
2023-08-16 03:00:00-04:00,1.09195,1.09265,1.0917,1.09235,-1.0,-1.0,-1
2023-08-16 04:00:00-04:00,1.09235,1.09345,1.09225,1.0928,-1.0,-1.0,-1
2023-08-16 05:00:00-04:00,1.0928,1.09325,1.0921,1.09265,-1.0,-1.0,-1
2023-08-16 06:00:00-04:00,1.09265,1.0927,1.0916,1.09185,-1.0,-1.0,-1
2023-08-16 07:00:00-04:00,1.09185,1.09195,1.09065,1.09135,-1.0,-1.0,-1
2023-08-16 08:00:00-04:00,1.09135,1.0918,1.09025,1.09025,-1.0,-1.0,-1
2023-08-16 09:00:00-04:00,1.09025,1.09235,1.0896,1.0909,-1.0,-1.0,-1
2023-08-16 10:00:00-04:00,1.0909,1.09235,1.08965,1.09065,-1.0,-1.0,-1
2023-08-16 11:00:00-04:00,1.09065,1.09125,1.08965,1.0903,-1.0,-1.0,-1
2023-08-16 12:00:00-04:00,1.0903,1.0905,1.0886,1.0887,-1.0,-1.0,-1
2023-08-16 13:00:00-04:00,1.0887,1.0892,1.0884,1.0891,-1.0,-1.0,-1
2023-08-16 14:00:00-04:00,1.0891,1.09005,1.08775,1.0881,-1.0,-1.0,-1
2023-08-16 15:00:00-04:00,1.0881,1.0881,1.08715,1.08745,-1.0,-1.0,-1
2023-08-16 16:00:00-04:00,1.08745,1.088,1.08745,1.08795,-1.0,-1.0,-1
2023-08-16 17:15:00-04:00,1.08785,1.08825,1.0877,1.08825,-1.0,-1.0,-1
2023-08-16 18:00:00-04:00,1.08825,1.08835,1.08795,1.08795,-1.0,-1.0,-1
2023-08-16 19:00:00-04:00,1.08795,1.088,1.08735,1.08745,-1.0,-1.0,-1
2023-08-16 20:00:00-04:00,1.08745,1.0875,1.08665,1.08695,-1.0,-1.0,-1
2023-08-16 21:00:00-04:00,1.08695,1.08705,1.0862,1.0866,-1.0,-1.0,-1
2023-08-16 22:00:00-04:00,1.0866,1.087,1.08645,1.0866,-1.0,-1.0,-1
2023-08-16 23:00:00-04:00,1.0866,1.08685,1.0863,1.0864,-1.0,-1.0,-1
2023-08-17 00:00:00-04:00,1.0864,1.0869,1.0863,1.08685,-1.0,-1.0,-1
2023-08-17 01:00:00-04:00,1.08685,1.0874,1.08625,1.08735,-1.0,-1.0,-1
2023-08-17 02:00:00-04:00,1.08735,1.0887,1.087,1.08835,-1.0,-1.0,-1
2023-08-17 03:00:00-04:00,1.08835,1.08855,1.0875,1.08805,-1.0,-1.0,-1
2023-08-17 04:00:00-04:00,1.08805,1.0884,1.08695,1.0873,-1.0,-1.0,-1
2023-08-17 05:00:00-04:00,1.0873,1.08745,1.0864,1.0874,-1.0,-1.0,-1
2023-08-17 06:00:00-04:00,1.0874,1.0888,1.0873,1.08835,-1.0,-1.0,-1
2023-08-17 07:00:00-04:00,1.08835,1.0896,1.08815,1.08945,-1.0,-1.0,-1
2023-08-17 08:00:00-04:00,1.08945,1.09185,1.08865,1.09065,-1.0,-1.0,-1
2023-08-17 09:00:00-04:00,1.09065,1.0918,1.08975,1.08995,-1.0,-1.0,-1
2023-08-17 10:00:00-04:00,1.08995,1.09,1.08845,1.08895,-1.0,-1.0,-1
2023-08-17 11:00:00-04:00,1.08895,1.08905,1.0867,1.08735,-1.0,-1.0,-1
2023-08-17 12:00:00-04:00,1.08735,1.08895,1.08685,1.0878,-1.0,-1.0,-1
2023-08-17 13:00:00-04:00,1.0878,1.08785,1.0857,1.0861,-1.0,-1.0,-1
2023-08-17 14:00:00-04:00,1.0861,1.0863,1.08565,1.0857,-1.0,-1.0,-1
2023-08-17 15:00:00-04:00,1.0857,1.0874,1.0857,1.0872,-1.0,-1.0,-1
2023-08-17 16:00:00-04:00,1.0872,1.08735,1.087,1.08725,-1.0,-1.0,-1
2023-08-17 17:15:00-04:00,1.08675,1.08745,1.08665,1.0869,-1.0,-1.0,-1
2023-08-17 18:00:00-04:00,1.0869,1.08745,1.08685,1.08735,-1.0,-1.0,-1
2023-08-17 19:00:00-04:00,1.08735,1.08755,1.0873,1.08745,-1.0,-1.0,-1
2023-08-17 20:00:00-04:00,1.08745,1.0892,1.08715,1.08895,-1.0,-1.0,-1
2023-08-17 21:00:00-04:00,1.08895,1.08925,1.0884,1.0891,-1.0,-1.0,-1
2023-08-17 22:00:00-04:00,1.0891,1.0894,1.0887,1.08885,-1.0,-1.0,-1
2023-08-17 23:00:00-04:00,1.08885,1.0889,1.08825,1.0886,-1.0,-1.0,-1
2023-08-18 00:00:00-04:00,1.0886,1.0888,1.08805,1.08825,-1.0,-1.0,-1
2023-08-18 01:00:00-04:00,1.08825,1.0885,1.0876,1.0883,-1.0,-1.0,-1
2023-08-18 02:00:00-04:00,1.0883,1.08875,1.0871,1.0872,-1.0,-1.0,-1
2023-08-18 03:00:00-04:00,1.0872,1.0878,1.08645,1.0873,-1.0,-1.0,-1
2023-08-18 04:00:00-04:00,1.0873,1.0877,1.0864,1.08675,-1.0,-1.0,-1
2023-08-18 05:00:00-04:00,1.08675,1.0873,1.08625,1.08685,-1.0,-1.0,-1
2023-08-18 06:00:00-04:00,1.08685,1.08765,1.0862,1.0863,-1.0,-1.0,-1
2023-08-18 07:00:00-04:00,1.0863,1.0871,1.08605,1.0863,-1.0,-1.0,-1
2023-08-18 08:00:00-04:00,1.0863,1.08675,1.0845,1.08555,-1.0,-1.0,-1
2023-08-18 09:00:00-04:00,1.08555,1.08765,1.0853,1.0871,-1.0,-1.0,-1
2023-08-18 10:00:00-04:00,1.0871,1.08815,1.08675,1.0872,-1.0,-1.0,-1
2023-08-18 11:00:00-04:00,1.0872,1.08795,1.0869,1.08745,-1.0,-1.0,-1
2023-08-18 12:00:00-04:00,1.08745,1.08755,1.0868,1.0873,-1.0,-1.0,-1
2023-08-18 13:00:00-04:00,1.0873,1.08815,1.08685,1.08795,-1.0,-1.0,-1
2023-08-18 14:00:00-04:00,1.08795,1.08805,1.0874,1.0878,-1.0,-1.0,-1
2023-08-18 15:00:00-04:00,1.0878,1.0879,1.0872,1.08725,-1.0,-1.0,-1
2023-08-18 16:00:00-04:00,1.08725,1.08745,1.08685,1.0873,-1.0,-1.0,-1
2023-08-20 17:15:00-04:00,1.08725,1.08765,1.0872,1.08765,-1.0,-1.0,-1
2023-08-20 18:00:00-04:00,1.08765,1.08785,1.08735,1.0874,-1.0,-1.0,-1
2023-08-20 19:00:00-04:00,1.0874,1.08755,1.08715,1.0875,-1.0,-1.0,-1
2023-08-20 20:00:00-04:00,1.0875,1.08845,1.08745,1.088,-1.0,-1.0,-1
2023-08-20 21:00:00-04:00,1.088,1.088,1.08695,1.08735,-1.0,-1.0,-1
2023-08-20 22:00:00-04:00,1.08735,1.0884,1.087,1.08815,-1.0,-1.0,-1
2023-08-20 23:00:00-04:00,1.08815,1.0883,1.0879,1.08805,-1.0,-1.0,-1
2023-08-21 00:00:00-04:00,1.08805,1.0883,1.08785,1.0881,-1.0,-1.0,-1
2023-08-21 01:00:00-04:00,1.0881,1.08875,1.08785,1.08815,-1.0,-1.0,-1
2023-08-21 02:00:00-04:00,1.08815,1.08825,1.0873,1.08775,-1.0,-1.0,-1
2023-08-21 03:00:00-04:00,1.08775,1.0889,1.08725,1.0889,-1.0,-1.0,-1
2023-08-21 04:00:00-04:00,1.0889,1.089,1.08825,1.0886,-1.0,-1.0,-1
2023-08-21 05:00:00-04:00,1.0886,1.0905,1.08855,1.09015,-1.0,-1.0,-1
2023-08-21 06:00:00-04:00,1.09015,1.09045,1.0892,1.0899,-1.0,-1.0,-1
2023-08-21 07:00:00-04:00,1.0899,1.0914,1.0898,1.09095,-1.0,-1.0,-1
2023-08-21 08:00:00-04:00,1.09095,1.0913,1.0894,1.08985,-1.0,-1.0,-1
2023-08-21 09:00:00-04:00,1.08985,1.09005,1.08805,1.0887,-1.0,-1.0,-1
2023-08-21 10:00:00-04:00,1.0887,1.08905,1.08755,1.08875,-1.0,-1.0,-1
2023-08-21 11:00:00-04:00,1.08875,1.08925,1.0882,1.0888,-1.0,-1.0,-1
2023-08-21 12:00:00-04:00,1.0888,1.09045,1.08875,1.09015,-1.0,-1.0,-1
2023-08-21 13:00:00-04:00,1.09015,1.09035,1.08965,1.08995,-1.0,-1.0,-1
2023-08-21 14:00:00-04:00,1.08995,1.0903,1.08975,1.08985,-1.0,-1.0,-1
2023-08-21 15:00:00-04:00,1.08985,1.0902,1.08945,1.0896,-1.0,-1.0,-1
2023-08-21 16:00:00-04:00,1.0896,1.08965,1.0893,1.0896,-1.0,-1.0,-1
2023-08-21 17:15:00-04:00,1.08955,1.0897,1.0892,1.08965,-1.0,-1.0,-1
2023-08-21 18:00:00-04:00,1.08965,1.0898,1.0895,1.0896,-1.0,-1.0,-1
2023-08-21 19:00:00-04:00,1.0896,1.09015,1.0896,1.08975,-1.0,-1.0,-1
2023-08-21 20:00:00-04:00,1.08975,1.09005,1.08935,1.09005,-1.0,-1.0,-1
2023-08-21 21:00:00-04:00,1.09005,1.091,1.0898,1.09065,-1.0,-1.0,-1
2023-08-21 22:00:00-04:00,1.09065,1.0913,1.09065,1.0908,-1.0,-1.0,-1
2023-08-21 23:00:00-04:00,1.0908,1.0916,1.0906,1.0915,-1.0,-1.0,-1
2023-08-22 00:00:00-04:00,1.0915,1.0917,1.0909,1.09095,-1.0,-1.0,-1
2023-08-22 01:00:00-04:00,1.09095,1.0914,1.09045,1.09055,-1.0,-1.0,-1
2023-08-22 02:00:00-04:00,1.09055,1.0921,1.09055,1.0918,-1.0,-1.0,-1
2023-08-22 03:00:00-04:00,1.0918,1.09305,1.09175,1.09255,-1.0,-1.0,-1
2023-08-22 04:00:00-04:00,1.09255,1.09285,1.0907,1.091,-1.0,-1.0,-1
2023-08-22 05:00:00-04:00,1.091,1.09125,1.08985,1.0907,-1.0,-1.0,-1
2023-08-22 06:00:00-04:00,1.0907,1.091,1.08855,1.08865,-1.0,-1.0,-1
2023-08-22 07:00:00-04:00,1.08865,1.0891,1.08805,1.0885,-1.0,-1.0,-1
2023-08-22 08:00:00-04:00,1.0885,1.0891,1.0865,1.0866,-1.0,-1.0,-1
2023-08-22 09:00:00-04:00,1.0866,1.0871,1.0841,1.0844,-1.0,-1.0,-1
2023-08-22 10:00:00-04:00,1.0844,1.0854,1.0833,1.0851,-1.0,-1.0,-1
2023-08-22 11:00:00-04:00,1.0851,1.0856,1.08445,1.08455,-1.0,-1.0,-1
2023-08-22 12:00:00-04:00,1.08455,1.0851,1.0845,1.08495,-1.0,-1.0,-1
2023-08-22 13:00:00-04:00,1.08495,1.0855,1.08475,1.08525,-1.0,-1.0,-1
2023-08-22 14:00:00-04:00,1.08525,1.08555,1.08505,1.08525,-1.0,-1.0,-1
2023-08-22 15:00:00-04:00,1.08525,1.08525,1.08435,1.0846,-1.0,-1.0,-1
2023-08-22 16:00:00-04:00,1.0846,1.0849,1.08455,1.08455,-1.0,-1.0,-1
2023-08-22 17:15:00-04:00,1.0844,1.0847,1.0843,1.08455,-1.0,-1.0,-1
2023-08-22 18:00:00-04:00,1.08455,1.0848,1.0845,1.0846,-1.0,-1.0,-1
2023-08-22 19:00:00-04:00,1.0846,1.0848,1.0846,1.08465,-1.0,-1.0,-1
2023-08-22 20:00:00-04:00,1.08465,1.08535,1.0846,1.0847,-1.0,-1.0,-1
2023-08-22 21:00:00-04:00,1.0847,1.08565,1.08445,1.0855,-1.0,-1.0,-1
2023-08-22 22:00:00-04:00,1.0855,1.08575,1.08525,1.08545,-1.0,-1.0,-1
2023-08-22 23:00:00-04:00,1.08545,1.08595,1.0852,1.08575,-1.0,-1.0,-1
2023-08-23 00:00:00-04:00,1.08575,1.0861,1.0855,1.08605,-1.0,-1.0,-1
2023-08-23 01:00:00-04:00,1.08605,1.08635,1.08585,1.08625,-1.0,-1.0,-1
2023-08-23 02:00:00-04:00,1.08625,1.08645,1.0852,1.08615,-1.0,-1.0,-1
2023-08-23 03:00:00-04:00,1.08615,1.08715,1.0812,1.0818,-1.0,-1.0,-1
2023-08-23 04:00:00-04:00,1.0818,1.08305,1.08155,1.0819,-1.0,-1.0,-1
2023-08-23 05:00:00-04:00,1.0819,1.08205,1.08085,1.081,-1.0,-1.0,-1
2023-08-23 06:00:00-04:00,1.081,1.0812,1.08055,1.08075,-1.0,-1.0,-1
2023-08-23 07:00:00-04:00,1.08075,1.08185,1.0804,1.08115,-1.0,-1.0,-1
2023-08-23 08:00:00-04:00,1.08115,1.0813,1.08025,1.08045,-1.0,-1.0,-1
2023-08-23 09:00:00-04:00,1.08045,1.0845,1.08035,1.0838,-1.0,-1.0,-1
2023-08-23 10:00:00-04:00,1.0838,1.0854,1.0835,1.08455,-1.0,-1.0,-1
2023-08-23 11:00:00-04:00,1.08455,1.0863,1.08445,1.08615,-1.0,-1.0,-1
2023-08-23 12:00:00-04:00,1.08615,1.08685,1.0856,1.0863,-1.0,-1.0,-1
2023-08-23 13:00:00-04:00,1.0863,1.087,1.086,1.08645,-1.0,-1.0,-1
2023-08-23 14:00:00-04:00,1.08645,1.0865,1.0856,1.08585,-1.0,-1.0,-1
2023-08-23 15:00:00-04:00,1.08585,1.08665,1.08585,1.0864,-1.0,-1.0,-1
2023-08-23 16:00:00-04:00,1.0864,1.0866,1.0861,1.0863,-1.0,-1.0,-1
2023-08-23 17:15:00-04:00,1.08665,1.08665,1.08615,1.08625,-1.0,-1.0,-1
2023-08-23 18:00:00-04:00,1.08625,1.08675,1.0862,1.08645,-1.0,-1.0,-1
2023-08-23 19:00:00-04:00,1.08645,1.0866,1.0861,1.08655,-1.0,-1.0,-1
2023-08-23 20:00:00-04:00,1.08655,1.08755,1.08635,1.087,-1.0,-1.0,-1
2023-08-23 21:00:00-04:00,1.087,1.087,1.08585,1.0861,-1.0,-1.0,-1
2023-08-23 22:00:00-04:00,1.0861,1.08675,1.08585,1.0865,-1.0,-1.0,-1
2023-08-23 23:00:00-04:00,1.0865,1.0871,1.0863,1.0866,-1.0,-1.0,-1
2023-08-24 00:00:00-04:00,1.0866,1.087,1.0864,1.087,-1.0,-1.0,-1
2023-08-24 01:00:00-04:00,1.087,1.0877,1.0869,1.0871,-1.0,-1.0,-1
2023-08-24 02:00:00-04:00,1.0871,1.08735,1.08565,1.0857,-1.0,-1.0,-1
2023-08-24 03:00:00-04:00,1.0857,1.08605,1.0852,1.08565,-1.0,-1.0,-1
2023-08-24 04:00:00-04:00,1.08565,1.08645,1.0855,1.0862,-1.0,-1.0,-1
2023-08-24 05:00:00-04:00,1.0862,1.08635,1.08465,1.08485,-1.0,-1.0,-1
2023-08-24 06:00:00-04:00,1.08485,1.08565,1.08465,1.08545,-1.0,-1.0,-1
2023-08-24 07:00:00-04:00,1.08545,1.08585,1.08415,1.0842,-1.0,-1.0,-1
2023-08-24 08:00:00-04:00,1.0842,1.0844,1.08145,1.0821,-1.0,-1.0,-1
2023-08-24 09:00:00-04:00,1.0821,1.0844,1.08205,1.08425,-1.0,-1.0,-1
2023-08-24 10:00:00-04:00,1.08425,1.0849,1.0835,1.08395,-1.0,-1.0,-1
2023-08-24 11:00:00-04:00,1.08395,1.0841,1.08225,1.08255,-1.0,-1.0,-1
2023-08-24 12:00:00-04:00,1.08255,1.0828,1.0818,1.0821,-1.0,-1.0,-1
2023-08-24 13:00:00-04:00,1.0821,1.0824,1.0814,1.0816,-1.0,-1.0,-1
2023-08-24 14:00:00-04:00,1.0816,1.082,1.0809,1.0809,-1.0,-1.0,-1
2023-08-24 15:00:00-04:00,1.0809,1.08125,1.08055,1.0806,-1.0,-1.0,-1
2023-08-24 16:00:00-04:00,1.0806,1.08115,1.0805,1.08105,-1.0,-1.0,-1
2023-08-24 17:15:00-04:00,1.0811,1.08165,1.0811,1.0813,-1.0,-1.0,-1
2023-08-24 18:00:00-04:00,1.0813,1.0813,1.08065,1.0807,-1.0,-1.0,-1
2023-08-24 19:00:00-04:00,1.0807,1.08075,1.07925,1.0799,-1.0,-1.0,-1
2023-08-24 20:00:00-04:00,1.0799,1.0804,1.07935,1.07945,-1.0,-1.0,-1
2023-08-24 21:00:00-04:00,1.07945,1.0795,1.07875,1.0789,-1.0,-1.0,-1
2023-08-24 22:00:00-04:00,1.0789,1.07895,1.0783,1.0786,-1.0,-1.0,-1
2023-08-24 23:00:00-04:00,1.0786,1.0788,1.078,1.07805,-1.0,-1.0,-1
2023-08-25 00:00:00-04:00,1.07805,1.07835,1.07765,1.07825,-1.0,-1.0,-1
2023-08-25 01:00:00-04:00,1.07825,1.07915,1.07785,1.079,-1.0,-1.0,-1
2023-08-25 02:00:00-04:00,1.079,1.0791,1.078,1.0781,-1.0,-1.0,-1
2023-08-25 03:00:00-04:00,1.0781,1.0792,1.07685,1.07715,-1.0,-1.0,-1
2023-08-25 04:00:00-04:00,1.07715,1.07885,1.0766,1.07865,-1.0,-1.0,-1
2023-08-25 05:00:00-04:00,1.07865,1.07945,1.0785,1.079,-1.0,-1.0,-1
2023-08-25 06:00:00-04:00,1.079,1.08035,1.07895,1.0803,-1.0,-1.0,-1
2023-08-25 07:00:00-04:00,1.0803,1.08115,1.07995,1.0803,-1.0,-1.0,-1
2023-08-25 08:00:00-04:00,1.0803,1.08175,1.08005,1.0813,-1.0,-1.0,-1
2023-08-25 09:00:00-04:00,1.0813,1.0815,1.0799,1.08085,-1.0,-1.0,-1
2023-08-25 10:00:00-04:00,1.08085,1.0842,1.0766,1.07715,-1.0,-1.0,-1
2023-08-25 11:00:00-04:00,1.07715,1.0791,1.0768,1.0786,-1.0,-1.0,-1
2023-08-25 12:00:00-04:00,1.0786,1.08005,1.07855,1.07965,-1.0,-1.0,-1
2023-08-25 13:00:00-04:00,1.07965,1.0803,1.0791,1.0799,-1.0,-1.0,-1
2023-08-25 14:00:00-04:00,1.0799,1.08125,1.0799,1.0807,-1.0,-1.0,-1
2023-08-25 15:00:00-04:00,1.0807,1.0811,1.07995,1.0803,-1.0,-1.0,-1
2023-08-25 16:00:00-04:00,1.0803,1.08035,1.07915,1.0796,-1.0,-1.0,-1
2023-08-27 17:15:00-04:00,1.07965,1.0797,1.07955,1.07965,-1.0,-1.0,-1
2023-08-27 18:00:00-04:00,1.07965,1.0801,1.07945,1.0795,-1.0,-1.0,-1
2023-08-27 19:00:00-04:00,1.0795,1.08015,1.07935,1.0797,-1.0,-1.0,-1
2023-08-27 20:00:00-04:00,1.0797,1.08045,1.0796,1.08025,-1.0,-1.0,-1
2023-08-27 21:00:00-04:00,1.08025,1.081,1.0802,1.08025,-1.0,-1.0,-1
2023-08-27 22:00:00-04:00,1.08025,1.081,1.08015,1.0809,-1.0,-1.0,-1
2023-08-27 23:00:00-04:00,1.0809,1.081,1.0807,1.08095,-1.0,-1.0,-1
2023-08-28 00:00:00-04:00,1.08095,1.0811,1.0806,1.0808,-1.0,-1.0,-1
2023-08-28 01:00:00-04:00,1.0808,1.0814,1.08055,1.081,-1.0,-1.0,-1
2023-08-28 02:00:00-04:00,1.081,1.0819,1.081,1.0816,-1.0,-1.0,-1
2023-08-28 03:00:00-04:00,1.0816,1.0821,1.0808,1.0809,-1.0,-1.0,-1
2023-08-28 04:00:00-04:00,1.0809,1.08105,1.07995,1.08005,-1.0,-1.0,-1
2023-08-28 05:00:00-04:00,1.08005,1.0809,1.08,1.0808,-1.0,-1.0,-1
2023-08-28 06:00:00-04:00,1.0808,1.08225,1.0806,1.0812,-1.0,-1.0,-1
2023-08-28 07:00:00-04:00,1.0812,1.08125,1.0803,1.08045,-1.0,-1.0,-1
2023-08-28 08:00:00-04:00,1.08045,1.08115,1.08025,1.08105,-1.0,-1.0,-1
2023-08-28 09:00:00-04:00,1.08105,1.08135,1.07995,1.0807,-1.0,-1.0,-1
2023-08-28 10:00:00-04:00,1.0807,1.0814,1.0799,1.08055,-1.0,-1.0,-1
2023-08-28 11:00:00-04:00,1.08055,1.08105,1.0803,1.0809,-1.0,-1.0,-1
2023-08-28 12:00:00-04:00,1.0809,1.08125,1.0804,1.08075,-1.0,-1.0,-1
2023-08-28 13:00:00-04:00,1.08075,1.0811,1.0804,1.08085,-1.0,-1.0,-1
2023-08-28 14:00:00-04:00,1.08085,1.0812,1.08055,1.08115,-1.0,-1.0,-1
2023-08-28 15:00:00-04:00,1.08115,1.082,1.0809,1.0818,-1.0,-1.0,-1
2023-08-28 16:00:00-04:00,1.0818,1.08195,1.0815,1.0819,-1.0,-1.0,-1
2023-08-28 17:15:00-04:00,1.0816,1.08235,1.0815,1.082,-1.0,-1.0,-1
2023-08-28 18:00:00-04:00,1.082,1.08275,1.08195,1.0826,-1.0,-1.0,-1
2023-08-28 19:00:00-04:00,1.0826,1.083,1.08245,1.08255,-1.0,-1.0,-1
2023-08-28 20:00:00-04:00,1.08255,1.0832,1.08215,1.0824,-1.0,-1.0,-1
2023-08-28 21:00:00-04:00,1.0824,1.0837,1.08235,1.0835,-1.0,-1.0,-1
2023-08-28 22:00:00-04:00,1.0835,1.0836,1.083,1.08355,-1.0,-1.0,-1
2023-08-28 23:00:00-04:00,1.08355,1.08385,1.0833,1.08365,-1.0,-1.0,-1
2023-08-29 00:00:00-04:00,1.08365,1.08365,1.0824,1.08245,-1.0,-1.0,-1
2023-08-29 01:00:00-04:00,1.08245,1.08265,1.0821,1.08215,-1.0,-1.0,-1
2023-08-29 02:00:00-04:00,1.08215,1.08235,1.08085,1.0809,-1.0,-1.0,-1
2023-08-29 03:00:00-04:00,1.0809,1.083,1.08085,1.08205,-1.0,-1.0,-1
2023-08-29 04:00:00-04:00,1.08205,1.0823,1.08085,1.081,-1.0,-1.0,-1
2023-08-29 05:00:00-04:00,1.081,1.0816,1.08055,1.08135,-1.0,-1.0,-1
2023-08-29 06:00:00-04:00,1.08135,1.08165,1.0804,1.08065,-1.0,-1.0,-1
2023-08-29 07:00:00-04:00,1.08065,1.0812,1.08035,1.0804,-1.0,-1.0,-1
2023-08-29 08:00:00-04:00,1.0804,1.08065,1.0786,1.07925,-1.0,-1.0,-1
2023-08-29 09:00:00-04:00,1.07925,1.08065,1.07825,1.08035,-1.0,-1.0,-1
2023-08-29 10:00:00-04:00,1.08035,1.08505,1.08035,1.0828,-1.0,-1.0,-1
2023-08-29 11:00:00-04:00,1.0828,1.0857,1.0826,1.085,-1.0,-1.0,-1
2023-08-29 12:00:00-04:00,1.085,1.0864,1.0847,1.0863,-1.0,-1.0,-1
2023-08-29 13:00:00-04:00,1.0863,1.0877,1.08625,1.0874,-1.0,-1.0,-1
2023-08-29 14:00:00-04:00,1.0874,1.0874,1.08605,1.0872,-1.0,-1.0,-1
2023-08-29 15:00:00-04:00,1.0872,1.0892,1.08695,1.08855,-1.0,-1.0,-1
2023-08-29 16:00:00-04:00,1.08855,1.08855,1.08785,1.088,-1.0,-1.0,-1
2023-08-29 17:15:00-04:00,1.0876,1.088,1.0876,1.0879,-1.0,-1.0,-1
2023-08-29 18:00:00-04:00,1.0879,1.0885,1.08785,1.08845,-1.0,-1.0,-1
2023-08-29 19:00:00-04:00,1.08845,1.0885,1.08685,1.0869,-1.0,-1.0,-1
2023-08-29 20:00:00-04:00,1.0869,1.0872,1.0867,1.087,-1.0,-1.0,-1
2023-08-29 21:00:00-04:00,1.087,1.08725,1.08675,1.08685,-1.0,-1.0,-1
2023-08-29 22:00:00-04:00,1.08685,1.08705,1.0864,1.08675,-1.0,-1.0,-1
2023-08-29 23:00:00-04:00,1.08675,1.08695,1.08665,1.08695,-1.0,-1.0,-1
2023-08-30 00:00:00-04:00,1.08695,1.08695,1.08605,1.08605,-1.0,-1.0,-1
2023-08-30 01:00:00-04:00,1.08605,1.0871,1.0856,1.08665,-1.0,-1.0,-1
2023-08-30 02:00:00-04:00,1.08665,1.0877,1.0865,1.0869,-1.0,-1.0,-1
2023-08-30 03:00:00-04:00,1.0869,1.08735,1.08585,1.0865,-1.0,-1.0,-1
2023-08-30 04:00:00-04:00,1.0865,1.0868,1.0855,1.08675,-1.0,-1.0,-1
2023-08-30 05:00:00-04:00,1.08675,1.08935,1.08665,1.0889,-1.0,-1.0,-1
2023-08-30 06:00:00-04:00,1.0889,1.08915,1.088,1.08905,-1.0,-1.0,-1
2023-08-30 07:00:00-04:00,1.08905,1.08915,1.08785,1.0879,-1.0,-1.0,-1
2023-08-30 08:00:00-04:00,1.0879,1.0926,1.08745,1.09215,-1.0,-1.0,-1
2023-08-30 09:00:00-04:00,1.09215,1.09455,1.09135,1.0945,-1.0,-1.0,-1
2023-08-30 10:00:00-04:00,1.0945,1.0945,1.09255,1.0929,-1.0,-1.0,-1
2023-08-30 11:00:00-04:00,1.0929,1.09345,1.0923,1.0926,-1.0,-1.0,-1
2023-08-30 12:00:00-04:00,1.0926,1.09265,1.0918,1.0926,-1.0,-1.0,-1
2023-08-30 13:00:00-04:00,1.0926,1.0933,1.09195,1.09205,-1.0,-1.0,-1
2023-08-30 14:00:00-04:00,1.09205,1.09245,1.0917,1.09235,-1.0,-1.0,-1
2023-08-30 15:00:00-04:00,1.09235,1.09245,1.0919,1.09215,-1.0,-1.0,-1
2023-08-30 16:00:00-04:00,1.09215,1.0924,1.0921,1.0923,-1.0,-1.0,-1
2023-08-30 17:15:00-04:00,1.0925,1.0927,1.09215,1.09245,-1.0,-1.0,-1
2023-08-30 18:00:00-04:00,1.09245,1.09295,1.09245,1.09265,-1.0,-1.0,-1
2023-08-30 19:00:00-04:00,1.09265,1.09315,1.09265,1.09295,-1.0,-1.0,-1
2023-08-30 20:00:00-04:00,1.09295,1.0934,1.0928,1.0933,-1.0,-1.0,-1
2023-08-30 21:00:00-04:00,1.0933,1.09395,1.0928,1.0929,-1.0,-1.0,-1
2023-08-30 22:00:00-04:00,1.0929,1.093,1.0921,1.0922,-1.0,-1.0,-1
2023-08-30 23:00:00-04:00,1.0922,1.0923,1.092,1.09205,-1.0,-1.0,-1
2023-08-31 00:00:00-04:00,1.09205,1.0923,1.09185,1.0919,-1.0,-1.0,-1
2023-08-31 01:00:00-04:00,1.0919,1.09205,1.0917,1.0918,-1.0,-1.0,-1
2023-08-31 02:00:00-04:00,1.0918,1.0925,1.0907,1.09075,-1.0,-1.0,-1
2023-08-31 03:00:00-04:00,1.09075,1.0909,1.089,1.08925,-1.0,-1.0,-1
2023-08-31 04:00:00-04:00,1.08925,1.0893,1.0877,1.0878,-1.0,-1.0,-1
2023-08-31 05:00:00-04:00,1.0878,1.0881,1.08645,1.08745,-1.0,-1.0,-1
2023-08-31 06:00:00-04:00,1.08745,1.08765,1.0863,1.08735,-1.0,-1.0,-1
2023-08-31 07:00:00-04:00,1.08735,1.08735,1.08575,1.08685,-1.0,-1.0,-1
2023-08-31 08:00:00-04:00,1.08685,1.0885,1.08655,1.08745,-1.0,-1.0,-1
2023-08-31 09:00:00-04:00,1.08745,1.08745,1.08405,1.08495,-1.0,-1.0,-1
2023-08-31 10:00:00-04:00,1.08495,1.08565,1.084,1.08545,-1.0,-1.0,-1
2023-08-31 11:00:00-04:00,1.08545,1.0859,1.0837,1.08385,-1.0,-1.0,-1
2023-08-31 12:00:00-04:00,1.08385,1.08445,1.0835,1.08385,-1.0,-1.0,-1
2023-08-31 13:00:00-04:00,1.08385,1.0852,1.08365,1.0849,-1.0,-1.0,-1
2023-08-31 14:00:00-04:00,1.0849,1.08545,1.0844,1.0846,-1.0,-1.0,-1
2023-08-31 15:00:00-04:00,1.0846,1.08505,1.08425,1.08435,-1.0,-1.0,-1
2023-08-31 16:00:00-04:00,1.08435,1.0847,1.08415,1.08435,-1.0,-1.0,-1
2023-08-31 17:15:00-04:00,1.08485,1.08485,1.08415,1.08425,-1.0,-1.0,-1
2023-08-31 18:00:00-04:00,1.08425,1.08445,1.0841,1.0842,-1.0,-1.0,-1
2023-08-31 19:00:00-04:00,1.0842,1.08455,1.0842,1.08425,-1.0,-1.0,-1
2023-08-31 20:00:00-04:00,1.08425,1.0845,1.08365,1.0838,-1.0,-1.0,-1
2023-08-31 21:00:00-04:00,1.0838,1.0854,1.08375,1.08465,-1.0,-1.0,-1
2023-08-31 22:00:00-04:00,1.08465,1.0852,1.0842,1.0844,-1.0,-1.0,-1
2023-08-31 23:00:00-04:00,1.0844,1.0845,1.084,1.0842,-1.0,-1.0,-1
2023-09-01 00:00:00-04:00,1.0842,1.0847,1.0838,1.08465,-1.0,-1.0,-1
2023-09-01 01:00:00-04:00,1.08465,1.08485,1.0844,1.0846,-1.0,-1.0,-1
2023-09-01 02:00:00-04:00,1.0846,1.085,1.08285,1.08495,-1.0,-1.0,-1
2023-09-01 03:00:00-04:00,1.08495,1.08595,1.08445,1.0856,-1.0,-1.0,-1
2023-09-01 04:00:00-04:00,1.0856,1.08565,1.08465,1.08485,-1.0,-1.0,-1
2023-09-01 05:00:00-04:00,1.08485,1.0856,1.08475,1.08495,-1.0,-1.0,-1
2023-09-01 06:00:00-04:00,1.08495,1.08505,1.08435,1.0846,-1.0,-1.0,-1
2023-09-01 07:00:00-04:00,1.0846,1.085,1.0833,1.0833,-1.0,-1.0,-1
2023-09-01 08:00:00-04:00,1.0833,1.0882,1.08325,1.0864,-1.0,-1.0,-1
2023-09-01 09:00:00-04:00,1.0864,1.08815,1.08425,1.0854,-1.0,-1.0,-1
2023-09-01 10:00:00-04:00,1.0854,1.0854,1.08045,1.08085,-1.0,-1.0,-1
2023-09-01 11:00:00-04:00,1.08085,1.08085,1.07865,1.07865,-1.0,-1.0,-1
2023-09-01 12:00:00-04:00,1.07865,1.07865,1.078,1.0784,-1.0,-1.0,-1
2023-09-01 13:00:00-04:00,1.0784,1.0789,1.0782,1.07845,-1.0,-1.0,-1
2023-09-01 14:00:00-04:00,1.07845,1.07845,1.07755,1.07785,-1.0,-1.0,-1
2023-09-01 15:00:00-04:00,1.07785,1.07805,1.0772,1.0775,-1.0,-1.0,-1
2023-09-01 16:00:00-04:00,1.0775,1.07815,1.07725,1.07815,-1.0,-1.0,-1
2023-09-03 17:15:00-04:00,1.07785,1.0782,1.0774,1.0775,-1.0,-1.0,-1
2023-09-03 18:00:00-04:00,1.0775,1.0777,1.0772,1.07735,-1.0,-1.0,-1
2023-09-03 19:00:00-04:00,1.07735,1.07765,1.07715,1.07755,-1.0,-1.0,-1
2023-09-03 20:00:00-04:00,1.07755,1.078,1.07735,1.0779,-1.0,-1.0,-1
2023-09-03 21:00:00-04:00,1.0779,1.0782,1.0775,1.07765,-1.0,-1.0,-1
2023-09-03 22:00:00-04:00,1.07765,1.07875,1.07765,1.07855,-1.0,-1.0,-1
2023-09-03 23:00:00-04:00,1.07855,1.0787,1.0784,1.0786,-1.0,-1.0,-1
2023-09-04 00:00:00-04:00,1.0786,1.0787,1.07815,1.0787,-1.0,-1.0,-1
2023-09-04 01:00:00-04:00,1.0787,1.07905,1.07855,1.0787,-1.0,-1.0,-1
2023-09-04 02:00:00-04:00,1.0787,1.07945,1.07835,1.079,-1.0,-1.0,-1
2023-09-04 03:00:00-04:00,1.079,1.0807,1.0789,1.07955,-1.0,-1.0,-1
2023-09-04 04:00:00-04:00,1.07955,1.0801,1.0791,1.0798,-1.0,-1.0,-1
2023-09-04 05:00:00-04:00,1.0798,1.0801,1.07925,1.07945,-1.0,-1.0,-1
2023-09-04 06:00:00-04:00,1.07945,1.0805,1.07935,1.0805,-1.0,-1.0,-1
2023-09-04 07:00:00-04:00,1.0805,1.0809,1.07995,1.08005,-1.0,-1.0,-1
2023-09-04 08:00:00-04:00,1.08005,1.08015,1.07955,1.07975,-1.0,-1.0,-1
2023-09-04 09:00:00-04:00,1.07975,1.08055,1.0795,1.0796,-1.0,-1.0,-1
2023-09-04 10:00:00-04:00,1.0796,1.0796,1.07835,1.07845,-1.0,-1.0,-1
2023-09-04 11:00:00-04:00,1.07845,1.07995,1.07835,1.0799,-1.0,-1.0,-1
2023-09-04 12:00:00-04:00,1.0799,1.08,1.07925,1.0794,-1.0,-1.0,-1
2023-09-04 13:00:00-04:00,1.0794,1.0796,1.07935,1.0795,-1.0,-1.0,-1
2023-09-04 14:00:00-04:00,1.0795,1.07965,1.0795,1.07955,-1.0,-1.0,-1
2023-09-04 15:00:00-04:00,1.07955,1.07955,1.0793,1.0794,-1.0,-1.0,-1
2023-09-04 16:00:00-04:00,1.0794,1.0797,1.0794,1.0795,-1.0,-1.0,-1
2023-09-04 17:15:00-04:00,1.07925,1.07965,1.07925,1.0795,-1.0,-1.0,-1
2023-09-04 18:00:00-04:00,1.0795,1.0798,1.07945,1.0795,-1.0,-1.0,-1
2023-09-04 19:00:00-04:00,1.0795,1.0795,1.07915,1.07915,-1.0,-1.0,-1
2023-09-04 20:00:00-04:00,1.07915,1.07935,1.07885,1.0793,-1.0,-1.0,-1
2023-09-04 21:00:00-04:00,1.0793,1.07985,1.0785,1.0789,-1.0,-1.0,-1
2023-09-04 22:00:00-04:00,1.0789,1.0789,1.07835,1.07875,-1.0,-1.0,-1
2023-09-04 23:00:00-04:00,1.07875,1.07885,1.0781,1.07885,-1.0,-1.0,-1
2023-09-05 00:00:00-04:00,1.07885,1.0794,1.07865,1.0792,-1.0,-1.0,-1
2023-09-05 01:00:00-04:00,1.0792,1.07935,1.0782,1.0786,-1.0,-1.0,-1
2023-09-05 02:00:00-04:00,1.0786,1.07865,1.0758,1.07665,-1.0,-1.0,-1
2023-09-05 03:00:00-04:00,1.07665,1.0772,1.07545,1.07565,-1.0,-1.0,-1
2023-09-05 04:00:00-04:00,1.07565,1.0759,1.0742,1.07485,-1.0,-1.0,-1
2023-09-05 05:00:00-04:00,1.07485,1.0757,1.07445,1.07485,-1.0,-1.0,-1
2023-09-05 06:00:00-04:00,1.07485,1.07495,1.07385,1.07395,-1.0,-1.0,-1
2023-09-05 07:00:00-04:00,1.07395,1.074,1.07295,1.07325,-1.0,-1.0,-1
2023-09-05 08:00:00-04:00,1.07325,1.0748,1.0717,1.0744,-1.0,-1.0,-1
2023-09-05 09:00:00-04:00,1.0744,1.0749,1.0726,1.07295,-1.0,-1.0,-1
2023-09-05 10:00:00-04:00,1.07295,1.073,1.07075,1.07085,-1.0,-1.0,-1
2023-09-05 11:00:00-04:00,1.07085,1.07325,1.0706,1.07265,-1.0,-1.0,-1
2023-09-05 12:00:00-04:00,1.07265,1.0732,1.0724,1.07295,-1.0,-1.0,-1
2023-09-05 13:00:00-04:00,1.07295,1.07315,1.07225,1.0723,-1.0,-1.0,-1
2023-09-05 14:00:00-04:00,1.0723,1.0727,1.07205,1.07215,-1.0,-1.0,-1
2023-09-05 15:00:00-04:00,1.07215,1.0727,1.07195,1.07215,-1.0,-1.0,-1
2023-09-05 16:00:00-04:00,1.07215,1.0723,1.0719,1.0722,-1.0,-1.0,-1
2023-09-05 17:15:00-04:00,1.0724,1.07255,1.0722,1.07235,-1.0,-1.0,-1
2023-09-05 18:00:00-04:00,1.07235,1.07265,1.0723,1.07265,-1.0,-1.0,-1
2023-09-05 19:00:00-04:00,1.07265,1.07285,1.0724,1.07245,-1.0,-1.0,-1
2023-09-05 20:00:00-04:00,1.07245,1.0726,1.0715,1.07195,-1.0,-1.0,-1
2023-09-05 21:00:00-04:00,1.07195,1.0722,1.07135,1.07145,-1.0,-1.0,-1
2023-09-05 22:00:00-04:00,1.07145,1.07345,1.07145,1.0734,-1.0,-1.0,-1
2023-09-05 23:00:00-04:00,1.0734,1.07345,1.0729,1.07335,-1.0,-1.0,-1
2023-09-06 00:00:00-04:00,1.07335,1.0736,1.07305,1.0736,-1.0,-1.0,-1
2023-09-06 01:00:00-04:00,1.0736,1.07385,1.0733,1.07385,-1.0,-1.0,-1
2023-09-06 02:00:00-04:00,1.07385,1.07395,1.07275,1.07315,-1.0,-1.0,-1
2023-09-06 03:00:00-04:00,1.07315,1.0748,1.07245,1.0729,-1.0,-1.0,-1
2023-09-06 04:00:00-04:00,1.0729,1.07375,1.07235,1.0734,-1.0,-1.0,-1
2023-09-06 05:00:00-04:00,1.0734,1.0735,1.07245,1.07325,-1.0,-1.0,-1
2023-09-06 06:00:00-04:00,1.07325,1.0744,1.07325,1.07385,-1.0,-1.0,-1
2023-09-06 07:00:00-04:00,1.07385,1.0749,1.07385,1.0744,-1.0,-1.0,-1
2023-09-06 08:00:00-04:00,1.0744,1.07455,1.0734,1.0737,-1.0,-1.0,-1
2023-09-06 09:00:00-04:00,1.0737,1.07405,1.07255,1.07385,-1.0,-1.0,-1
2023-09-06 10:00:00-04:00,1.07385,1.07385,1.07025,1.0709,-1.0,-1.0,-1
2023-09-06 11:00:00-04:00,1.0709,1.07185,1.0705,1.0713,-1.0,-1.0,-1
2023-09-06 12:00:00-04:00,1.0713,1.0721,1.07115,1.0721,-1.0,-1.0,-1
2023-09-06 13:00:00-04:00,1.0721,1.0729,1.072,1.0728,-1.0,-1.0,-1
2023-09-06 14:00:00-04:00,1.0728,1.07295,1.07225,1.0726,-1.0,-1.0,-1
2023-09-06 15:00:00-04:00,1.0726,1.07285,1.0723,1.07265,-1.0,-1.0,-1
2023-09-06 16:00:00-04:00,1.07265,1.0728,1.0724,1.07275,-1.0,-1.0,-1
2023-09-06 17:15:00-04:00,1.07245,1.07265,1.07235,1.0725,-1.0,-1.0,-1
2023-09-06 18:00:00-04:00,1.0725,1.07275,1.0725,1.07255,-1.0,-1.0,-1
2023-09-06 19:00:00-04:00,1.07255,1.07255,1.07225,1.0724,-1.0,-1.0,-1
2023-09-06 20:00:00-04:00,1.0724,1.0726,1.0719,1.07225,-1.0,-1.0,-1
2023-09-06 21:00:00-04:00,1.07225,1.0731,1.07205,1.0731,-1.0,-1.0,-1
2023-09-06 22:00:00-04:00,1.0731,1.0731,1.0723,1.0728,-1.0,-1.0,-1
2023-09-06 23:00:00-04:00,1.0728,1.0732,1.0725,1.073,-1.0,-1.0,-1
2023-09-07 00:00:00-04:00,1.073,1.07305,1.0718,1.07195,-1.0,-1.0,-1
2023-09-07 01:00:00-04:00,1.07195,1.07215,1.07155,1.07195,-1.0,-1.0,-1
2023-09-07 02:00:00-04:00,1.07195,1.07255,1.0715,1.0717,-1.0,-1.0,-1
2023-09-07 03:00:00-04:00,1.0717,1.072,1.0708,1.0716,-1.0,-1.0,-1
2023-09-07 04:00:00-04:00,1.0716,1.0717,1.0708,1.07105,-1.0,-1.0,-1
2023-09-07 05:00:00-04:00,1.07105,1.0718,1.0707,1.0715,-1.0,-1.0,-1
2023-09-07 06:00:00-04:00,1.0715,1.0715,1.0704,1.07065,-1.0,-1.0,-1
2023-09-07 07:00:00-04:00,1.07065,1.07135,1.0703,1.07055,-1.0,-1.0,-1
2023-09-07 08:00:00-04:00,1.07055,1.0711,1.0686,1.06935,-1.0,-1.0,-1
2023-09-07 09:00:00-04:00,1.06935,1.07045,1.0691,1.06915,-1.0,-1.0,-1
2023-09-07 10:00:00-04:00,1.06915,1.071,1.06865,1.0703,-1.0,-1.0,-1
2023-09-07 11:00:00-04:00,1.0703,1.0709,1.06945,1.07035,-1.0,-1.0,-1
2023-09-07 12:00:00-04:00,1.07035,1.07095,1.0703,1.0704,-1.0,-1.0,-1
2023-09-07 13:00:00-04:00,1.0704,1.07095,1.06985,1.06995,-1.0,-1.0,-1
2023-09-07 14:00:00-04:00,1.06995,1.0704,1.0694,1.06945,-1.0,-1.0,-1
2023-09-07 15:00:00-04:00,1.06945,1.07015,1.0694,1.0695,-1.0,-1.0,-1
2023-09-07 16:00:00-04:00,1.0695,1.06985,1.0695,1.06965,-1.0,-1.0,-1
2023-09-07 17:15:00-04:00,1.0698,1.06985,1.0697,1.0698,-1.0,-1.0,-1
2023-09-07 18:00:00-04:00,1.0698,1.06985,1.0696,1.0696,-1.0,-1.0,-1
2023-09-07 19:00:00-04:00,1.0696,1.06975,1.06945,1.06975,-1.0,-1.0,-1
2023-09-07 20:00:00-04:00,1.06975,1.0715,1.0697,1.0714,-1.0,-1.0,-1
2023-09-07 21:00:00-04:00,1.0714,1.07215,1.0705,1.0717,-1.0,-1.0,-1
2023-09-07 22:00:00-04:00,1.0717,1.07235,1.07145,1.0718,-1.0,-1.0,-1
2023-09-07 23:00:00-04:00,1.0718,1.07185,1.0715,1.07165,-1.0,-1.0,-1
2023-09-08 00:00:00-04:00,1.07165,1.0717,1.0713,1.07135,-1.0,-1.0,-1
2023-09-08 01:00:00-04:00,1.07135,1.07265,1.07135,1.0724,-1.0,-1.0,-1
2023-09-08 02:00:00-04:00,1.0724,1.0728,1.07145,1.07155,-1.0,-1.0,-1
2023-09-08 03:00:00-04:00,1.07155,1.0719,1.07075,1.0709,-1.0,-1.0,-1
2023-09-08 04:00:00-04:00,1.0709,1.07175,1.0708,1.0712,-1.0,-1.0,-1
2023-09-08 05:00:00-04:00,1.0712,1.0712,1.06995,1.07035,-1.0,-1.0,-1
2023-09-08 06:00:00-04:00,1.07035,1.0705,1.06965,1.07005,-1.0,-1.0,-1
2023-09-08 07:00:00-04:00,1.07005,1.0705,1.0694,1.0699,-1.0,-1.0,-1
2023-09-08 08:00:00-04:00,1.0699,1.07135,1.0698,1.07025,-1.0,-1.0,-1
2023-09-08 09:00:00-04:00,1.07025,1.07265,1.06995,1.07265,-1.0,-1.0,-1
2023-09-08 10:00:00-04:00,1.07265,1.0744,1.0714,1.07155,-1.0,-1.0,-1
2023-09-08 11:00:00-04:00,1.07155,1.07175,1.0707,1.0709,-1.0,-1.0,-1
2023-09-08 12:00:00-04:00,1.0709,1.07135,1.07005,1.07045,-1.0,-1.0,-1
2023-09-08 13:00:00-04:00,1.07045,1.07105,1.0703,1.0706,-1.0,-1.0,-1
2023-09-08 14:00:00-04:00,1.0706,1.0709,1.0697,1.0698,-1.0,-1.0,-1
2023-09-08 15:00:00-04:00,1.0698,1.07005,1.06975,1.06995,-1.0,-1.0,-1
2023-09-08 16:00:00-04:00,1.06995,1.0703,1.0699,1.0699,-1.0,-1.0,-1
2023-09-10 17:15:00-04:00,1.0714,1.0721,1.0709,1.07175,-1.0,-1.0,-1
2023-09-10 18:00:00-04:00,1.07175,1.07175,1.07085,1.07115,-1.0,-1.0,-1
2023-09-10 19:00:00-04:00,1.07115,1.07205,1.07085,1.07165,-1.0,-1.0,-1
2023-09-10 20:00:00-04:00,1.07165,1.0721,1.071,1.07135,-1.0,-1.0,-1
2023-09-10 21:00:00-04:00,1.07135,1.0721,1.071,1.07195,-1.0,-1.0,-1
2023-09-10 22:00:00-04:00,1.07195,1.0728,1.0719,1.0724,-1.0,-1.0,-1
2023-09-10 23:00:00-04:00,1.0724,1.0725,1.07195,1.07225,-1.0,-1.0,-1
2023-09-11 00:00:00-04:00,1.07225,1.0738,1.07215,1.07355,-1.0,-1.0,-1
2023-09-11 01:00:00-04:00,1.07355,1.07415,1.07285,1.0729,-1.0,-1.0,-1
2023-09-11 02:00:00-04:00,1.0729,1.07355,1.07245,1.07335,-1.0,-1.0,-1
2023-09-11 03:00:00-04:00,1.07335,1.07375,1.0725,1.0726,-1.0,-1.0,-1
2023-09-11 04:00:00-04:00,1.0726,1.07335,1.07225,1.07285,-1.0,-1.0,-1
2023-09-11 05:00:00-04:00,1.07285,1.07345,1.07235,1.07325,-1.0,-1.0,-1
2023-09-11 06:00:00-04:00,1.07325,1.0734,1.07265,1.0732,-1.0,-1.0,-1
2023-09-11 07:00:00-04:00,1.0732,1.07325,1.07185,1.07195,-1.0,-1.0,-1
2023-09-11 08:00:00-04:00,1.07195,1.0728,1.07155,1.07275,-1.0,-1.0,-1
2023-09-11 09:00:00-04:00,1.07275,1.0737,1.07225,1.0736,-1.0,-1.0,-1
2023-09-11 10:00:00-04:00,1.0736,1.07595,1.0735,1.07455,-1.0,-1.0,-1
2023-09-11 11:00:00-04:00,1.07455,1.075,1.0741,1.07425,-1.0,-1.0,-1
2023-09-11 12:00:00-04:00,1.07425,1.0758,1.07425,1.0751,-1.0,-1.0,-1
2023-09-11 13:00:00-04:00,1.0751,1.07525,1.07445,1.0746,-1.0,-1.0,-1
2023-09-11 14:00:00-04:00,1.0746,1.07515,1.07445,1.0745,-1.0,-1.0,-1
2023-09-11 15:00:00-04:00,1.0745,1.07505,1.07445,1.0749,-1.0,-1.0,-1
2023-09-11 16:00:00-04:00,1.0749,1.0751,1.0748,1.075,-1.0,-1.0,-1
2023-09-11 17:15:00-04:00,1.0748,1.0754,1.07475,1.07505,-1.0,-1.0,-1
2023-09-11 18:00:00-04:00,1.07505,1.0753,1.075,1.075,-1.0,-1.0,-1
2023-09-11 19:00:00-04:00,1.075,1.0751,1.07475,1.07475,-1.0,-1.0,-1
2023-09-11 20:00:00-04:00,1.07475,1.0748,1.0742,1.0744,-1.0,-1.0,-1
2023-09-11 21:00:00-04:00,1.0744,1.07695,1.07375,1.0741,-1.0,-1.0,-1
2023-09-11 22:00:00-04:00,1.0741,1.07515,1.0739,1.0751,-1.0,-1.0,-1
2023-09-11 23:00:00-04:00,1.0751,1.07515,1.07445,1.07465,-1.0,-1.0,-1
2023-09-12 00:00:00-04:00,1.07465,1.07465,1.07385,1.0739,-1.0,-1.0,-1
2023-09-12 01:00:00-04:00,1.0739,1.0741,1.07355,1.07365,-1.0,-1.0,-1
2023-09-12 02:00:00-04:00,1.07365,1.0741,1.07305,1.07325,-1.0,-1.0,-1
2023-09-12 03:00:00-04:00,1.07325,1.0735,1.07125,1.07135,-1.0,-1.0,-1
2023-09-12 04:00:00-04:00,1.07135,1.07235,1.07125,1.07145,-1.0,-1.0,-1
2023-09-12 05:00:00-04:00,1.07145,1.0726,1.07135,1.07225,-1.0,-1.0,-1
2023-09-12 06:00:00-04:00,1.07225,1.07245,1.0712,1.0716,-1.0,-1.0,-1
2023-09-12 07:00:00-04:00,1.0716,1.07185,1.07085,1.0718,-1.0,-1.0,-1
2023-09-12 08:00:00-04:00,1.0718,1.0721,1.07055,1.07075,-1.0,-1.0,-1
2023-09-12 09:00:00-04:00,1.07075,1.0719,1.07055,1.07175,-1.0,-1.0,-1
2023-09-12 10:00:00-04:00,1.07175,1.0718,1.07105,1.0714,-1.0,-1.0,-1
2023-09-12 11:00:00-04:00,1.0714,1.07305,1.07135,1.07255,-1.0,-1.0,-1
2023-09-12 12:00:00-04:00,1.07255,1.07375,1.07215,1.07235,-1.0,-1.0,-1
2023-09-12 13:00:00-04:00,1.07235,1.0734,1.0723,1.0726,-1.0,-1.0,-1
2023-09-12 14:00:00-04:00,1.0726,1.07345,1.07245,1.07325,-1.0,-1.0,-1
2023-09-12 15:00:00-04:00,1.07325,1.0734,1.07275,1.07285,-1.0,-1.0,-1
2023-09-12 16:00:00-04:00,1.07285,1.0765,1.07275,1.0754,-1.0,-1.0,-1
2023-09-12 17:15:00-04:00,1.0754,1.0764,1.0753,1.07595,-1.0,-1.0,-1
2023-09-12 18:00:00-04:00,1.07595,1.0761,1.07545,1.0756,-1.0,-1.0,-1
2023-09-12 19:00:00-04:00,1.0756,1.0758,1.07525,1.0753,-1.0,-1.0,-1
2023-09-12 20:00:00-04:00,1.0753,1.0764,1.0753,1.07595,-1.0,-1.0,-1
2023-09-12 21:00:00-04:00,1.07595,1.0765,1.07555,1.07575,-1.0,-1.0,-1
2023-09-12 22:00:00-04:00,1.07575,1.076,1.07455,1.0747,-1.0,-1.0,-1
2023-09-12 23:00:00-04:00,1.0747,1.075,1.07445,1.07475,-1.0,-1.0,-1
2023-09-13 00:00:00-04:00,1.07475,1.0754,1.0746,1.07525,-1.0,-1.0,-1
2023-09-13 01:00:00-04:00,1.07525,1.07545,1.0742,1.07445,-1.0,-1.0,-1
2023-09-13 02:00:00-04:00,1.07445,1.07475,1.0735,1.07385,-1.0,-1.0,-1
2023-09-13 03:00:00-04:00,1.07385,1.0749,1.0731,1.0744,-1.0,-1.0,-1
2023-09-13 04:00:00-04:00,1.0744,1.0745,1.07315,1.0735,-1.0,-1.0,-1
2023-09-13 05:00:00-04:00,1.0735,1.074,1.0729,1.073,-1.0,-1.0,-1
2023-09-13 06:00:00-04:00,1.073,1.0738,1.07285,1.0738,-1.0,-1.0,-1
2023-09-13 07:00:00-04:00,1.0738,1.0741,1.07305,1.07365,-1.0,-1.0,-1
2023-09-13 08:00:00-04:00,1.07365,1.0762,1.0711,1.0748,-1.0,-1.0,-1
2023-09-13 09:00:00-04:00,1.0748,1.0756,1.07295,1.07385,-1.0,-1.0,-1
2023-09-13 10:00:00-04:00,1.07385,1.0743,1.0727,1.0738,-1.0,-1.0,-1
2023-09-13 11:00:00-04:00,1.0738,1.0745,1.07315,1.0736,-1.0,-1.0,-1
2023-09-13 12:00:00-04:00,1.0736,1.07465,1.0735,1.07405,-1.0,-1.0,-1
2023-09-13 13:00:00-04:00,1.07405,1.07495,1.07375,1.0745,-1.0,-1.0,-1
2023-09-13 14:00:00-04:00,1.0745,1.0746,1.0732,1.0732,-1.0,-1.0,-1
2023-09-13 15:00:00-04:00,1.0732,1.07325,1.0728,1.0732,-1.0,-1.0,-1
2023-09-13 16:00:00-04:00,1.0732,1.0732,1.0729,1.07295,-1.0,-1.0,-1
2023-09-13 17:15:00-04:00,1.07305,1.07315,1.0729,1.073,-1.0,-1.0,-1
2023-09-13 18:00:00-04:00,1.073,1.0734,1.073,1.0733,-1.0,-1.0,-1
2023-09-13 19:00:00-04:00,1.0733,1.07345,1.07305,1.0733,-1.0,-1.0,-1
2023-09-13 20:00:00-04:00,1.0733,1.07425,1.07305,1.074,-1.0,-1.0,-1
2023-09-13 21:00:00-04:00,1.074,1.07435,1.07355,1.07375,-1.0,-1.0,-1
2023-09-13 22:00:00-04:00,1.07375,1.07405,1.07315,1.07405,-1.0,-1.0,-1
2023-09-13 23:00:00-04:00,1.07405,1.07465,1.07405,1.07445,-1.0,-1.0,-1
2023-09-14 00:00:00-04:00,1.07445,1.0749,1.07445,1.07475,-1.0,-1.0,-1
2023-09-14 01:00:00-04:00,1.07475,1.0752,1.07465,1.0748,-1.0,-1.0,-1
2023-09-14 02:00:00-04:00,1.0748,1.0749,1.07405,1.0743,-1.0,-1.0,-1
2023-09-14 03:00:00-04:00,1.0743,1.07435,1.0733,1.0734,-1.0,-1.0,-1
2023-09-14 04:00:00-04:00,1.0734,1.074,1.07325,1.0734,-1.0,-1.0,-1
2023-09-14 05:00:00-04:00,1.0734,1.07375,1.07245,1.07285,-1.0,-1.0,-1
2023-09-14 06:00:00-04:00,1.07285,1.07375,1.07275,1.0735,-1.0,-1.0,-1
2023-09-14 07:00:00-04:00,1.0735,1.07375,1.0729,1.07305,-1.0,-1.0,-1
2023-09-14 08:00:00-04:00,1.07305,1.0748,1.0655,1.0677,-1.0,-1.0,-1
2023-09-14 09:00:00-04:00,1.0677,1.06975,1.06605,1.06645,-1.0,-1.0,-1
2023-09-14 10:00:00-04:00,1.06645,1.0674,1.0654,1.0664,-1.0,-1.0,-1
2023-09-14 11:00:00-04:00,1.0664,1.06755,1.0656,1.0659,-1.0,-1.0,-1
2023-09-14 12:00:00-04:00,1.0659,1.0663,1.0645,1.06485,-1.0,-1.0,-1
2023-09-14 13:00:00-04:00,1.06485,1.0651,1.0632,1.0637,-1.0,-1.0,-1
2023-09-14 14:00:00-04:00,1.0637,1.06405,1.06335,1.0635,-1.0,-1.0,-1
2023-09-14 15:00:00-04:00,1.0635,1.06445,1.06345,1.06425,-1.0,-1.0,-1
2023-09-14 16:00:00-04:00,1.06425,1.0647,1.0642,1.0643,-1.0,-1.0,-1
2023-09-14 17:15:00-04:00,1.06435,1.06445,1.0643,1.0643,-1.0,-1.0,-1
2023-09-14 18:00:00-04:00,1.0643,1.0644,1.0639,1.06425,-1.0,-1.0,-1
2023-09-14 19:00:00-04:00,1.06425,1.06425,1.0635,1.0635,-1.0,-1.0,-1
2023-09-14 20:00:00-04:00,1.0635,1.0644,1.06345,1.06425,-1.0,-1.0,-1
2023-09-14 21:00:00-04:00,1.06425,1.06435,1.06335,1.06395,-1.0,-1.0,-1
2023-09-14 22:00:00-04:00,1.06395,1.06485,1.06395,1.0643,-1.0,-1.0,-1
2023-09-14 23:00:00-04:00,1.0643,1.0648,1.06415,1.06475,-1.0,-1.0,-1
2023-09-15 00:00:00-04:00,1.06475,1.06535,1.06445,1.06535,-1.0,-1.0,-1
2023-09-15 01:00:00-04:00,1.06535,1.06565,1.0649,1.06565,-1.0,-1.0,-1
2023-09-15 02:00:00-04:00,1.06565,1.06675,1.0652,1.06605,-1.0,-1.0,-1
2023-09-15 03:00:00-04:00,1.06605,1.06655,1.065,1.06635,-1.0,-1.0,-1
2023-09-15 04:00:00-04:00,1.06635,1.0669,1.06615,1.06655,-1.0,-1.0,-1
2023-09-15 05:00:00-04:00,1.06655,1.06695,1.0661,1.0663,-1.0,-1.0,-1
2023-09-15 06:00:00-04:00,1.0663,1.06685,1.0654,1.06565,-1.0,-1.0,-1
2023-09-15 07:00:00-04:00,1.06565,1.06595,1.0653,1.06545,-1.0,-1.0,-1
2023-09-15 08:00:00-04:00,1.06545,1.0662,1.0645,1.06505,-1.0,-1.0,-1
2023-09-15 09:00:00-04:00,1.06505,1.0668,1.06495,1.06625,-1.0,-1.0,-1
2023-09-15 10:00:00-04:00,1.06625,1.0688,1.0662,1.0664,-1.0,-1.0,-1
2023-09-15 11:00:00-04:00,1.0664,1.06765,1.0662,1.06725,-1.0,-1.0,-1
2023-09-15 12:00:00-04:00,1.06725,1.06805,1.067,1.06725,-1.0,-1.0,-1
2023-09-15 13:00:00-04:00,1.06725,1.06765,1.0668,1.06715,-1.0,-1.0,-1
2023-09-15 14:00:00-04:00,1.06715,1.06715,1.06605,1.0661,-1.0,-1.0,-1
2023-09-15 15:00:00-04:00,1.0661,1.0664,1.06595,1.066,-1.0,-1.0,-1
2023-09-15 16:00:00-04:00,1.066,1.0663,1.06555,1.06565,-1.0,-1.0,-1
2023-09-17 17:15:00-04:00,1.06635,1.06655,1.0663,1.0665,-1.0,-1.0,-1
2023-09-17 18:00:00-04:00,1.0665,1.06695,1.06635,1.0664,-1.0,-1.0,-1
2023-09-17 19:00:00-04:00,1.0664,1.06685,1.06625,1.0668,-1.0,-1.0,-1
2023-09-17 20:00:00-04:00,1.0668,1.0672,1.06675,1.06715,-1.0,-1.0,-1
2023-09-17 21:00:00-04:00,1.06715,1.0674,1.0661,1.06625,-1.0,-1.0,-1
2023-09-17 22:00:00-04:00,1.06625,1.06685,1.0662,1.06655,-1.0,-1.0,-1
2023-09-17 23:00:00-04:00,1.06655,1.06685,1.06635,1.06645,-1.0,-1.0,-1
2023-09-18 00:00:00-04:00,1.06645,1.06695,1.0663,1.0669,-1.0,-1.0,-1
2023-09-18 01:00:00-04:00,1.0669,1.0673,1.0668,1.0669,-1.0,-1.0,-1
2023-09-18 02:00:00-04:00,1.0669,1.0678,1.06585,1.06585,-1.0,-1.0,-1
2023-09-18 03:00:00-04:00,1.06585,1.0666,1.0658,1.06625,-1.0,-1.0,-1
2023-09-18 04:00:00-04:00,1.06625,1.06655,1.06565,1.0664,-1.0,-1.0,-1
2023-09-18 05:00:00-04:00,1.0664,1.0674,1.0662,1.0673,-1.0,-1.0,-1
2023-09-18 06:00:00-04:00,1.0673,1.0675,1.0667,1.0668,-1.0,-1.0,-1
2023-09-18 07:00:00-04:00,1.0668,1.06705,1.06625,1.06635,-1.0,-1.0,-1
2023-09-18 08:00:00-04:00,1.06635,1.0669,1.0656,1.0657,-1.0,-1.0,-1
2023-09-18 09:00:00-04:00,1.0657,1.06715,1.06545,1.06625,-1.0,-1.0,-1
2023-09-18 10:00:00-04:00,1.06625,1.06755,1.06595,1.0675,-1.0,-1.0,-1
2023-09-18 11:00:00-04:00,1.0675,1.06985,1.0674,1.0694,-1.0,-1.0,-1
2023-09-18 12:00:00-04:00,1.0694,1.06955,1.06845,1.0692,-1.0,-1.0,-1
2023-09-18 13:00:00-04:00,1.0692,1.0698,1.0687,1.0687,-1.0,-1.0,-1
2023-09-18 14:00:00-04:00,1.0687,1.06875,1.0678,1.06785,-1.0,-1.0,-1
2023-09-18 15:00:00-04:00,1.06785,1.0687,1.0678,1.0687,-1.0,-1.0,-1
2023-09-18 16:00:00-04:00,1.0687,1.06925,1.06865,1.0692,-1.0,-1.0,-1
2023-09-18 17:15:00-04:00,1.06915,1.06945,1.06905,1.06925,-1.0,-1.0,-1
2023-09-18 18:00:00-04:00,1.06925,1.0693,1.0689,1.06915,-1.0,-1.0,-1
2023-09-18 19:00:00-04:00,1.06915,1.0694,1.06915,1.0692,-1.0,-1.0,-1
2023-09-18 20:00:00-04:00,1.0692,1.06965,1.0688,1.06885,-1.0,-1.0,-1
2023-09-18 21:00:00-04:00,1.06885,1.06895,1.0681,1.0684,-1.0,-1.0,-1
2023-09-18 22:00:00-04:00,1.0684,1.0688,1.0682,1.06845,-1.0,-1.0,-1
2023-09-18 23:00:00-04:00,1.06845,1.06855,1.06825,1.0683,-1.0,-1.0,-1
2023-09-19 00:00:00-04:00,1.0683,1.0685,1.0679,1.068,-1.0,-1.0,-1
2023-09-19 01:00:00-04:00,1.068,1.06825,1.06765,1.06795,-1.0,-1.0,-1
2023-09-19 02:00:00-04:00,1.06795,1.0684,1.06765,1.0679,-1.0,-1.0,-1
2023-09-19 03:00:00-04:00,1.0679,1.06955,1.0675,1.06945,-1.0,-1.0,-1
2023-09-19 04:00:00-04:00,1.06945,1.06945,1.0684,1.0687,-1.0,-1.0,-1
2023-09-19 05:00:00-04:00,1.0687,1.0691,1.0682,1.0689,-1.0,-1.0,-1
2023-09-19 06:00:00-04:00,1.0689,1.07095,1.06865,1.07005,-1.0,-1.0,-1
2023-09-19 07:00:00-04:00,1.07005,1.071,1.06995,1.0709,-1.0,-1.0,-1
2023-09-19 08:00:00-04:00,1.0709,1.0718,1.06945,1.07,-1.0,-1.0,-1
2023-09-19 09:00:00-04:00,1.07,1.07015,1.0683,1.06915,-1.0,-1.0,-1
2023-09-19 10:00:00-04:00,1.06915,1.06935,1.06825,1.06895,-1.0,-1.0,-1
2023-09-19 11:00:00-04:00,1.06895,1.0693,1.068,1.0683,-1.0,-1.0,-1
2023-09-19 12:00:00-04:00,1.0683,1.06865,1.06785,1.0685,-1.0,-1.0,-1
2023-09-19 13:00:00-04:00,1.0685,1.0692,1.0682,1.0685,-1.0,-1.0,-1
2023-09-19 14:00:00-04:00,1.0685,1.06855,1.0677,1.06775,-1.0,-1.0,-1
2023-09-19 15:00:00-04:00,1.06775,1.0681,1.06765,1.06805,-1.0,-1.0,-1
2023-09-19 16:00:00-04:00,1.06805,1.06815,1.06785,1.06795,-1.0,-1.0,-1
2023-09-19 17:15:00-04:00,1.06785,1.0681,1.06785,1.068,-1.0,-1.0,-1
2023-09-19 18:00:00-04:00,1.068,1.0683,1.06785,1.06825,-1.0,-1.0,-1
2023-09-19 19:00:00-04:00,1.06825,1.06835,1.0681,1.06815,-1.0,-1.0,-1
2023-09-19 20:00:00-04:00,1.06815,1.0686,1.06795,1.0685,-1.0,-1.0,-1
2023-09-19 21:00:00-04:00,1.0685,1.06875,1.068,1.06865,-1.0,-1.0,-1
2023-09-19 22:00:00-04:00,1.06865,1.069,1.0683,1.0683,-1.0,-1.0,-1
2023-09-19 23:00:00-04:00,1.0683,1.06845,1.06785,1.06795,-1.0,-1.0,-1
2023-09-20 00:00:00-04:00,1.06795,1.0681,1.06785,1.06785,-1.0,-1.0,-1
2023-09-20 01:00:00-04:00,1.06785,1.0684,1.06785,1.0681,-1.0,-1.0,-1
2023-09-20 02:00:00-04:00,1.0681,1.0693,1.0673,1.0682,-1.0,-1.0,-1
2023-09-20 03:00:00-04:00,1.0682,1.0693,1.06755,1.06905,-1.0,-1.0,-1
2023-09-20 04:00:00-04:00,1.06905,1.0697,1.06895,1.06965,-1.0,-1.0,-1
2023-09-20 05:00:00-04:00,1.06965,1.07,1.06935,1.06985,-1.0,-1.0,-1
2023-09-20 06:00:00-04:00,1.06985,1.0705,1.06985,1.07035,-1.0,-1.0,-1
2023-09-20 07:00:00-04:00,1.07035,1.0705,1.0697,1.0702,-1.0,-1.0,-1
2023-09-20 08:00:00-04:00,1.0702,1.07035,1.0692,1.0698,-1.0,-1.0,-1
2023-09-20 09:00:00-04:00,1.0698,1.07185,1.0697,1.0717,-1.0,-1.0,-1
2023-09-20 10:00:00-04:00,1.0717,1.07275,1.0713,1.07195,-1.0,-1.0,-1
2023-09-20 11:00:00-04:00,1.07195,1.07245,1.07135,1.07145,-1.0,-1.0,-1
2023-09-20 12:00:00-04:00,1.07145,1.0737,1.0714,1.0735,-1.0,-1.0,-1
2023-09-20 13:00:00-04:00,1.0735,1.07355,1.07245,1.07265,-1.0,-1.0,-1
2023-09-20 14:00:00-04:00,1.07265,1.07275,1.06735,1.0687,-1.0,-1.0,-1
2023-09-20 15:00:00-04:00,1.0687,1.0689,1.0658,1.06585,-1.0,-1.0,-1
2023-09-20 16:00:00-04:00,1.06585,1.06625,1.065,1.0661,-1.0,-1.0,-1
2023-09-20 17:15:00-04:00,1.06605,1.06645,1.066,1.0664,-1.0,-1.0,-1
2023-09-20 18:00:00-04:00,1.0664,1.06645,1.06525,1.06555,-1.0,-1.0,-1
2023-09-20 19:00:00-04:00,1.06555,1.06555,1.0648,1.065,-1.0,-1.0,-1
2023-09-20 20:00:00-04:00,1.065,1.06505,1.063,1.06315,-1.0,-1.0,-1
2023-09-20 21:00:00-04:00,1.06315,1.06395,1.06275,1.06375,-1.0,-1.0,-1
2023-09-20 22:00:00-04:00,1.06375,1.06415,1.0617,1.06275,-1.0,-1.0,-1
2023-09-20 23:00:00-04:00,1.06275,1.0638,1.0627,1.0637,-1.0,-1.0,-1
2023-09-21 00:00:00-04:00,1.0637,1.0637,1.06335,1.06335,-1.0,-1.0,-1
